url,movie
https://static.wikia.nocookie.net/starwars/images/2/24/TantiveIV-TSWB.png/revision/latest/scale-to-width-down/500?cb=20221006055135,A New Hope
https://static.wikia.nocookie.net/starwars/images/5/5b/Imperial_Sentinel-class_shuttle.png/revision/latest/scale-to-width-down/500?cb=20161008235432,A New Hope
https://static.wikia.nocookie.net/starwars/images/7/70/DSI-HDapproach.png/revision/latest/scale-to-width-down/500?cb=20130221005853,A New Hope
https://static.wikia.nocookie.net/starwars/images/5/52/Millennium_Falcon_Fathead_TROS.png/revision/latest/scale-to-width-down/500?cb=20221029015218,A New Hope
https://static.wikia.nocookie.net/starwars/images/8/81/Y-wing.png/revision/latest/scale-to-width-down/500?cb=20161110013308,A New Hope
https://static.wikia.nocookie.net/starwars/images/1/1d/Vader_TIEAdvanced_SWB.png/revision/latest/scale-to-width-down/500?cb=20160915042032,A New Hope
https://static.wikia.nocookie.net/starwars/images/3/30/Executor_BF2.png/revision/latest/scale-to-width-down/500?cb=20230405071103,The Empire Strikes Back
https://static.wikia.nocookie.net/starwars/images/4/44/GR-75MediumTransport-100Scenes.png/revision/latest/scale-to-width-down/500?cb=20221105213502,The Empire Strikes Back
https://static.wikia.nocookie.net/starwars/images/b/ba/Slave_I_DICE.png/revision/latest/scale-to-width-down/500?cb=20230723041624,The Empire Strikes Back
https://static.wikia.nocookie.net/starwars/images/a/a9/Imperial_shuttle.png/revision/latest/scale-to-width-down/500?cb=20150827042115,The Empire Strikes Back
https://static.wikia.nocookie.net/starwars/images/7/71/NebulonB-SWS.png/revision/latest/scale-to-width-down/500?cb=20210303023412,The Empire Strikes Back
https://static.wikia.nocookie.net/starwars/images/6/63/MonCalline.jpg/revision/latest/scale-to-width-down/268?cb=20080307201848,Return of the Jedi
https://static.wikia.nocookie.net/starwars/images/9/9f/B-wing-Squadronds.png/revision/latest/scale-to-width-down/500?cb=20210722003428,Return of the Jedi
https://static.wikia.nocookie.net/starwars/images/8/81/Radiant7_negvv.png/revision/latest/scale-to-width-down/499?cb=20170411231733,The Phantom Menace
https://static.wikia.nocookie.net/starwars/images/0/0a/Lucrehulk-Battlefront-2-Render.png/revision/latest/scale-to-width-down/500?cb=20221114195931,The Phantom Menace
https://static.wikia.nocookie.net/starwars/images/6/64/N-1_Starfighter.png/revision/latest/scale-to-width-down/500?cb=20130619201428,The Phantom Menace
https://static.wikia.nocookie.net/starwars/images/9/9e/Naboo_Royal_Starship.png/revision/latest/scale-to-width-down/500?cb=20161019065403,The Phantom Menace
https://static.wikia.nocookie.net/starwars/images/1/1c/Scimitar-USC.png/revision/latest/scale-to-width-down/500?cb=20190604143506,The Phantom Menace
https://static.wikia.nocookie.net/starwars/images/2/2b/Royalcruiser.jpg/revision/latest/scale-to-width-down/500?cb=20091201140703,Attack of the Clones
https://static.wikia.nocookie.net/starwars/images/c/c7/Aa9coruscantfreighter.jpg/revision/latest/scale-to-width-down/500?cb=20091201131352,Attack of the Clones
https://static.wikia.nocookie.net/starwars/images/8/87/H-Type_Nubian_yacht_USW.png/revision/latest/scale-to-width-down/500?cb=20230709053810,Attack of the Clones
https://static.wikia.nocookie.net/starwars/images/1/10/CountDookusSolarSailer-WotF.png/revision/latest/scale-to-width-down/500?cb=20200518063614,Attack of the Clones
https://static.wikia.nocookie.net/starwars/images/4/47/InvisibleHandStarboard-FF.png/revision/latest/scale-to-width-down/500?cb=20221119215500,Revenge of the Sith
https://static.wikia.nocookie.net/starwars/images/8/8e/Theta-class_shuttle.png/revision/latest/scale-to-width-down/500?cb=20220304110027,Revenge of the Sith
https://static.wikia.nocookie.net/starwars/images/c/c8/Imperialattackcruisers.png/revision/latest/scale-to-width-down/500?cb=20140317112248,Revenge of the Sith
https://static.wikia.nocookie.net/starwars/images/d/df/Naboo_star_skiff_1.png/revision/latest/scale-to-width-down/500?cb=20130212042348,Revenge of the Sith
https://static.wikia.nocookie.net/starwars/images/7/7e/Eta-2_Actis-class_light_interceptor_TFOWM.png/revision/latest/scale-to-width-down/500?cb=20190629213415,Revenge of the Sith
https://static.wikia.nocookie.net/starwars/images/2/21/SoullessOne-TCW.png/revision/latest/scale-to-width-down/500?cb=20221117145011,Revenge of the Sith
